CT Division,CT Circle
Malkajgiri,Keesara
Malkajgiri,Keesara
Malkajgiri,Keesara
Malkajgiri,Keesara
Malkajgiri,Shamirpet
Malkajgiri,Shamirpet
Malkajgiri,Alwal
Malkajgiri,Alwal
Malkajgiri,Alwal
Malkajgiri,Alwal
Malkajgiri,Alwal
Malkajgiri,Alwal
Malkajgiri,Monda Market
Malkajgiri,Fateh Nagar
Malkajgiri,Fateh Nagar
Malkajgiri,Bowenpally
Malkajgiri,Bowenpally
Malkajgiri,Bowenpally
Malkajgiri,Moula Ali
Malkajgiri,Moula Ali
Malkajgiri,Moula Ali
Malkajgiri,Moula Ali
Malkajgiri,Moula Ali
Malkajgiri,Malkajgiri
Malkajgiri,Malkajgiri
Malkajgiri,Malkajgiri
Malkajgiri,Malkajgiri
Uppal,Ghatkesar
Uppal,Ghatkesar
Uppal,Ghatkesar
Uppal,Ghatkesar
Uppal,Ghatkesar
Uppal,Ghatkesar
Uppal,Ghatkesar
Uppal,Ghatkesar
Uppal,Kapra
Uppal,Kapra
Uppal,Cherlapally
Uppal,Cherlapally
Uppal,Cherlapally
Uppal,Nacharam
Uppal,Nacharam
Uppal,Nacharam
Uppal,Nacharam
Uppal,Nacharam
Uppal,Uppal
Uppal,Uppal
Uppal,Uppal
Uppal,Uppal
Uppal,Uppal
Uppal,Uppal
LB Nagar,Nagole
LB Nagar,Nagole
LB Nagar,Nagole
LB Nagar,Nagole
LB Nagar,Nagole
LB Nagar,Nagole
LB Nagar,Kothapet
LB Nagar,Kothapet
LB Nagar,Kothapet
LB Nagar,Saroornagar
LB Nagar,Saroornagar
LB Nagar,Saroornagar
LB Nagar,Saroornagar
LB Nagar,LB Nagar
LB Nagar,LB Nagar
LB Nagar,LB Nagar
LB Nagar,LB Nagar
LB Nagar,LB Nagar
LB Nagar,Hayathnagar
LB Nagar,Hayathnagar
LB Nagar,Hayathnagar
LB Nagar,Hayathnagar
LB Nagar,Hayathnagar
LB Nagar,Hayathnagar
Shamshabad ,Shamshabad
Shamshabad ,Shamshabad
Shamshabad ,Shamshabad
Shamshabad ,Shamshabad
Shamshabad ,Shamshabad
Shamshabad ,Shamshabad
Shamshabad ,Shamshabad
Shamshabad ,Shamshabad
Shamshabad ,Shamshabad
Shamshabad ,Badangpet
Shamshabad ,Badangpet
Shamshabad ,Badangpet
Shamshabad ,Badangpet
Shamshabad ,Badangpet
Shamshabad ,Badangpet
Shamshabad ,Badangpet
Shamshabad ,Badangpet
Shamshabad ,Badangpet
Shamshabad ,Rajendra Nagar
Shamshabad ,Kismatpur
Shamshabad ,Kismatpur
Shamshabad ,Kismatpur
Shamshabad ,Attapur
Shamshabad ,Attapur
Shamshabad ,Attapur
Shamshabad ,Attapur
Shamshabad ,Attapur
Shamshabad ,Attapur
Shamshabad ,Bahadurpura
Shamshabad ,Bahadurpura
Shamshabad ,Bahadurpura
Shamshabad ,Bahadurpura
Shamshabad ,Bahadurpura
Shamshabad ,Bahadurpura
Shamshabad ,Bahadurpura
Shamshabad ,Bahadurpura
Shamshabad ,Bahadurpura
Shamshabad ,Chandrayangutta 
Shamshabad ,Chandrayangutta 
Shamshabad ,Chandrayangutta 
Shamshabad ,Chandrayangutta 
Shamshabad ,Chandrayangutta 
Shamshabad ,Chandrayangutta 
Shamshabad ,Chandrayangutta 
Shamshabad ,Chandrayangutta 
Shamshabad ,Chandrayangutta 
Shamshabad ,Chandrayangutta 
Charminar,Santosh Nagar
Charminar,Santosh Nagar
Charminar,Santosh Nagar
Charminar,Santosh Nagar
Charminar,Malakpet
Charminar,Malakpet
Charminar,Malakpet
Charminar,Malakpet
Charminar,Malakpet
Charminar,Malakpet
Charminar,Malakpet
Charminar,Malakpet
Charminar,Malakpet
Charminar,Malakpet
Charminar,Charminar
Charminar,Charminar
Charminar,Charminar
Charminar,Charminar
Charminar,Charminar
Charminar,Charminar
Charminar,Moosarambagh
Charminar,Moosarambagh
Charminar,Moosarambagh
Charminar,Moosarambagh
Charminar,Moosarambagh
Golconda,Goshamahal
Golconda,Goshamahal
Golconda,Goshamahal
Golconda,Goshamahal
Golconda,Begum Bazar
Golconda,Begum Bazar
Golconda,Golconda
Golconda,Golconda
Golconda,Golconda
Golconda,Golconda
Golconda,Golconda
Golconda,Golconda
Golconda,Golconda
Golconda,Golconda
Golconda,Golconda
Golconda,Golconda
Golconda,Golconda
Golconda,Golconda
Golconda,Mehdipatnam
Golconda,Mehdipatnam
Golconda,Mehdipatnam
Golconda,Mehdipatnam
Golconda,Masab Tank
Golconda,Masab Tank
Golconda,Masab Tank
Golconda,Masab Tank
Khairatabad,Red Hills
Khairatabad,Red Hills
Khairatabad,Irrum Manzil
Khairatabad,Somajiguda
Khairatabad,Khairatabad
Khairatabad,Himayathnagar
Khairatabad,Jubilee Hills
Khairatabad,Venkateshwara Colony
Khairatabad,Banjara Hills
Khairatabad,Film Nagar
Begumpet,Borabanda
Begumpet,Borabanda
Begumpet,Borabanda
Begumpet,Borabanda
Begumpet,Borabanda
Begumpet,Yousufguda
Begumpet,Yousufguda
Begumpet,Yousufguda
Begumpet,Yousufguda
Begumpet,Yousufguda
Begumpet,Begumpet
Begumpet,Ameerpet
Begumpet,Ameerpet
Begumpet,Sanathnagar
Begumpet,Sanathnagar
Secunderabad,Kavadiguda
Secunderabad,Kavadiguda
Secunderabad,Kavadiguda
Secunderabad,Kavadiguda
Secunderabad,Padmarao Nagar 
Secunderabad,Padmarao Nagar 
Secunderabad,Ramgopalpet
Secunderabad,Musheerabad
Secunderabad,Musheerabad
Secunderabad,Musheerabad
Secunderabad,Musheerabad
Secunderabad,Musheerabad
Secunderabad,Kachiguda
Secunderabad,Kachiguda
Secunderabad,Kachiguda
Secunderabad,Kachiguda
Secunderabad,Amberpet
Secunderabad,Amberpet
Secunderabad,Amberpet
Secunderabad,Amberpet
Secunderabad,Tarnaka
Secunderabad,Tarnaka
Secunderabad,Tarnaka
Secunderabad,Tarnaka
Secunderabad,Tarnaka
Secunderabad,Tarnaka
Secunderabad,Tarnaka
Secunderabad,Tarnaka
Serilingampally,Narsingi
Serilingampally,Narsingi
Serilingampally,Narsingi
Serilingampally,Narsingi
Serilingampally,Narsingi
Serilingampally,Patancheruvu
Serilingampally,Patancheruvu
Serilingampally,Patancheruvu
Serilingampally,Patancheruvu
Serilingampally,Ameenpur
Serilingampally,Ameenpur
Serilingampally,Ameenpur
Serilingampally,Ameenpur
Serilingampally,Ameenpur
Serilingampally,Ameenpur
Serilingampally,Chanda Nagar
Serilingampally,Chanda Nagar
Serilingampally,Chanda Nagar
Serilingampally,Miyapur
Serilingampally,Miyapur
Serilingampally,Miyapur
Serilingampally,Gachibowli
Serilingampally,Gachibowli
Serilingampally,Serilingampally
Serilingampally,Serilingampally
Serilingampally,Kondapur
Serilingampally,Kondapur
Kukatpally,Anjaiah Nagar
Kukatpally,Anjaiah Nagar
Kukatpally,Anjaiah Nagar
Kukatpally,Anjaiah Nagar
Kukatpally,HITEC city
Kukatpally,Madhapur
Kukatpally,Allwyn Colony
Kukatpally,Allwyn Colony
Kukatpally,Allwyn Colony
Kukatpally,Allwyn Colony
Kukatpally,Allwyn Colony
Kukatpally,Allwyn Colony
Kukatpally,Kukatpally
Kukatpally,Kukatpally
Kukatpally,Kukatpally
Kukatpally,KPHB Colony
Kukatpally,KPHB Colony
Kukatpally,KPHB Colony
Kukatpally,Moosapet
Kukatpally,Moosapet
Kukatpally,Moosapet
Kukatpally,Balanagar
Kukatpally,Balanagar
Quthbullapur,Chintal
Quthbullapur,Chintal
Quthbullapur,Chintal
Quthbullapur,Chintal
Quthbullapur,Chintal
Quthbullapur,Quthbullapur
Quthbullapur,Quthbullapur
Quthbullapur,Quthbullapur
Quthbullapur,Jeedimetla
Quthbullapur,Kompally
Quthbullapur,Kompally
Quthbullapur,Kompally
Quthbullapur,Kompally
Quthbullapur,Gajularamaram
Quthbullapur,Gajularamaram
Quthbullapur,Gajularamaram
Quthbullapur,Gajularamaram
Quthbullapur,Nizampet
Quthbullapur,Nizampet
Quthbullapur,Nizampet
Quthbullapur,Nizampet
Quthbullapur,Medchal
Quthbullapur,Medchal
Quthbullapur,Medchal
Quthbullapur,Medchal
Quthbullapur,Medchal
Quthbullapur,Medchal
